cell_key,policy_readable,cycle_life,Pred_ElasticNet_Full,APE_ElasticNet (%),Pred_RandomForest,APE_RandomForest (%)
b2_c6,3.6C(9%)-5C,393.0,706.8444198673853,79.8586310095128,651.3901631133583,65.74813310772475
b2_c29,5.2C(58%)-4C,452.0,765.7018720558207,69.40306903889838,613.073516652756,35.63573377273362
b2_c18,5.2C(50%)-4.25C,449.0,754.2070907523031,67.97485317423231,683.7031606574384,52.272418854663336
b2_c15,3.6C(9%)-5C,396.0,628.8492343534396,58.80031170541403,613.073516652756,54.81654460928181
b2_c42,5.2C(50%)-4.25C,474.0,743.4103017645069,56.83761640601412,613.073516652756,29.340404357121514
b2_c11,5.2C(50%)-4.25C,449.0,700.0314073338785,55.90899940620903,613.073516652756,36.541985891482405
b2_c25,5.2C(58%)-4C,493.0,765.4588494150355,55.26548669676177,653.1305216392308,32.480836032298335
b2_c10,4.8C(80%)-4.8C,492.0,763.5028550822465,55.183507130537905,612.8956936671019,24.57229546079307
b2_c0,5.2C(58%)-4C,477.0,734.0177162406053,53.88212080515834,613.073516652756,28.526942694498107
b2_c21,6C(60%)-3C,408.0,626.6680036401503,53.5950989314094,554.908503027712,36.00698603620391
b2_c28,4.8C(80%)-4.8C,437.0,668.6560624970302,53.01054061716939,609.3278833290917,39.434298244643415
b2_c46,4.8C(80%)-4.8C,503.0,763.6309568260151,51.815299567796245,613.073516652756,21.88340291307276
b2_c17,5.6C(26%)-4.5C,471.0,711.6783019066772,51.09942715640705,613.073516652756,30.164228588695536
b2_c16,4.8C(80%)-4.8C,472.0,711.2698412965441,50.69276298655595,613.073516652756,29.888456917956773
b2_c19,6C(60%)-3C,392.0,590.1882175899912,50.558218772956934,554.908503027712,41.558291588702026
b2_c31,5.6C(26%)-4.5C,425.0,639.149174788356,50.388041126672015,554.908503027712,30.566706594755754
b2_c24,4.8C(80%)-4.8C,514.0,770.4013763892401,49.883536262498076,718.4420339424996,39.774714774805375
b2_c2,5.2C(50%)-4.25C,424.0,632.3367658910162,49.1360296912774,612.8956936671019,44.5508711479014
b2_c27,5.2C(50%)-4.25C,474.0,688.4699677640795,45.24682864221086,613.073516652756,29.340404357121514
b2_c9,5.6C(26%)-4.5C-newstructure,791.0,1131.1085958852384,42.997294043645816,1134.8999826941695,43.47660969584949
b2_c3,4.65C(44%)-5C,499.0,689.8550584627069,38.247506705953285,613.073516652756,22.860424178909014
b2_c20,5.2C(58%)-4C,489.0,662.5822893569806,35.4974006864991,612.8956936671019,25.336542672208978
b2_c13,4.65C(69%)-6C,460.0,623.0298813281587,35.441278549599716,554.908503027712,20.632283266893904
b2_c7,4.8C(80%)-4.8C-newstructure,777.0,1051.6677294087078,35.349772124672825,1004.2601214586563,29.248406880135942
b2_c44,5.2C(58%)-4C-newstructure,841.0,1120.441052243697,33.22723570079631,1134.8999826941695,34.946490213337626
b2_c1,5.6C(26%)-4.5C,491.0,648.1076471823566,31.997484151192783,554.908503027712,13.01598839668268
b2_c26,5.6C(26%)-4.5C,450.0,584.7882767111539,29.952950380256425,554.908503027712,23.31300067282488
b2_c30,5.6C(26%)-4.5C,412.0,533.4250926612685,29.472109869239937,554.908503027712,34.68652986109513
b2_c4,4.65C(69%)-6C,444.0,553.5967525998408,24.68395328825243,554.908503027712,24.979392573809
b2_c41,5.6C(26%)-4.5C,442.0,542.5627868984031,22.75176174172017,554.908503027712,25.544910187265145
b2_c34,5.6C(26%)-4.5C-newstructure,1186.0,939.0965069176573,20.818169737128393,1181.599730390112,0.37101767368364486
b2_c32,4.8C(80%)-4.8C-newstructure,809.0,974.8020467788958,20.494690578355478,914.9690884913066,13.098774844413672
b2_c12,4.65C(44%)-5C,466.0,553.2600264560672,18.725327565679653,554.908503027712,19.079077902942483
b2_c33,5.2C(58%)-4C-newstructure,1140.0,927.6889823706144,18.62377347626189,1004.2601214586563,11.907006889591555
b2_c5,3.6C(30%)-6C,416.0,478.1560039240904,14.941347097137111,554.908503027712,33.391467073969224
b2_c43,4.8C(80%)-4.8C-newstructure,1029.0,1137.0818581988676,10.503581943524551,1014.6806752001462,1.3915767541160158
b2_c8,5.2C(58%)-4C-newstructure,904.0,977.1607832817215,8.093007000190429,928.5124263123007,2.7115515832191046
b2_c14,3.6C(30%)-6C,426.0,455.46092494982156,6.915710082117737,554.908503027712,30.260211978336137
b2_c45,5.6C(26%)-4.5C-newstructure,997.0,1065.6706769075363,6.88773088340384,1004.2601214586563,0.7281967360738487
